{
  "sos": [
    [
      0.16717926860848992,
      0.33435853721697983,
      0.16717926860848992,
      0.3289756773709529,
      0.06458765491644301
    ],
    [
      1.0,
      2.0,
      1.0,
      0.4531195206523844,
      0.46632557076323666
    ]
  ],
  "fs": 100,
  "cutoff_hz": 30.0,
  "order": 4,
  "n_sections": 2
}